room_type,review_count,average_rating
Entire place,132189,93.73549992813321
Private room,50124,92.83612640651185
Shared room,2224,91.24055755395683
Hotel room,3770,90.66657824933687
